time,rms,peak
0.0,0.03231051191687584,0.074859619140625
0.1,0.026537487283349037,0.057769775390625
0.2,0.07153195142745972,0.299041748046875
0.3,0.07765505462884903,0.199798583984375
0.4,0.047667913138866425,0.132049560546875
0.5,0.03214610368013382,0.077606201171875
0.6,0.03836026415228844,0.223876953125
0.7,0.12625128030776978,0.326812744140625
0.8,0.07122031599283218,0.2208251953125
0.9,0.05191994085907936,0.1513671875
1.0,0.03707661107182503,0.097137451171875
1.1,0.13719512522220612,0.64111328125
1.2,0.1543559432029724,0.42047119140625
1.3,0.13457126915454865,0.36895751953125
1.4,0.11698202788829803,0.34332275390625
1.5,0.1378428190946579,0.45355224609375
1.6,0.15760356187820435,0.386871337890625
1.7,0.12487994134426117,0.293853759765625
1.8,0.10841280966997147,0.26019287109375
1.9,0.08900953084230423,0.57122802734375
2.0,0.15167705714702606,0.3984375
2.1,0.13368016481399536,0.410858154296875
2.2,0.10988234728574753,0.302001953125
2.3,0.08746024966239929,0.25445556640625
2.4,0.06805740296840668,0.176971435546875
2.5,0.06533608585596085,0.355072021484375
2.6,0.04177732393145561,0.146728515625
2.7,0.032924387603998184,0.09735107421875
2.8,0.08968880772590637,0.299224853515625
2.9,0.10634994506835938,0.312042236328125
3.0,0.0913173109292984,0.21673583984375
3.1,0.07420395314693451,0.1865234375
3.2,0.10861306637525558,0.442657470703125
3.3,0.14797824621200562,0.4779052734375
3.4,0.10906413942575455,0.276275634765625
3.5,0.09523271024227142,0.235687255859375
3.6,0.09561516344547272,0.3883056640625
3.7,0.1640666127204895,0.4739990234375
3.8,0.12825509905815125,0.397491455078125
3.9,0.09819615632295609,0.295196533203125
4.0,0.08936859667301178,0.221832275390625
4.1,0.10038653016090393,0.263519287109375
4.2,0.06711746007204056,0.2139892578125
4.3,0.06407216191291809,0.18060302734375
4.4,0.053150080144405365,0.1287841796875
4.5,0.09852606803178787,0.4285888671875
4.6,0.0875813439488411,0.270050048828125
4.7,0.06917846202850342,0.248687744140625
4.8,0.06502571702003479,0.23175048828125
4.9,0.06837108731269836,0.24749755859375
5.0,0.17736075818538666,0.483642578125
5.1,0.2177542746067047,0.633514404296875
5.2,0.22711795568466187,0.55889892578125
5.3,0.3163973391056061,0.763824462890625
5.4,0.17872311174869537,0.5643310546875
5.5,0.11875907331705093,0.38360595703125
5.6,0.1432378888130188,0.4583740234375
5.7,0.18334834277629852,0.390167236328125
5.8,0.1576942801475525,0.361114501953125
5.9,0.10755147784948349,0.271453857421875
6.0,0.08120879530906677,0.237548828125
6.1,0.0902455672621727,0.230560302734375
6.2,0.10508675873279572,0.36309814453125
6.3,0.11557524651288986,0.328338623046875
6.4,0.08949698507785797,0.244171142578125
6.5,0.06734400242567062,0.1917724609375
6.6,0.053354039788246155,0.141082763671875
6.7,0.050122976303100586,0.11981201171875
6.8,0.04985944554209709,0.14031982421875
6.9,0.041413813829422,0.111236572265625
7.0,0.0311252623796463,0.099365234375
7.1,0.07025116682052612,0.23638916015625
7.2,0.051939964294433594,0.140594482421875
7.3,0.036237336695194244,0.100616455078125
7.4,0.023225849494338036,0.069671630859375
7.5,0.07766683399677277,0.281158447265625
7.6,0.06530323624610901,0.194915771484375
7.7,0.028953444212675095,0.092864990234375
7.8,0.02169414982199669,0.067535400390625
7.9,0.07397377490997314,0.409576416015625
8.0,0.1776036024093628,0.479827880859375
8.1,0.15247686207294464,0.426849365234375
8.2,0.1804928183555603,0.55438232421875
8.3,0.1463676244020462,0.513519287109375
8.4,0.16192440688610077,0.42864990234375
8.5,0.1458083987236023,0.49468994140625
8.6,0.12489157915115356,0.381195068359375
8.7,0.13212640583515167,0.39215087890625
8.8,0.2049778252840042,0.5704345703125
8.9,0.19252903759479523,0.60516357421875
9.0,0.16054309904575348,0.37542724609375
9.1,0.18295273184776306,0.455230712890625
9.2,0.09565653651952744,0.282867431640625
9.3,0.0668335109949112,0.1463623046875
9.4,0.05406040698289871,0.141082763671875
9.5,0.05038934946060181,0.20001220703125
9.6,0.04647069796919823,0.19378662109375
9.7,0.16409285366535187,0.49835205078125
9.8,0.13962198793888092,0.35528564453125
9.9,0.12525160610675812,0.338714599609375
10.0,0.1164492666721344,0.345367431640625
10.1,0.18812154233455658,0.567230224609375
10.2,0.15668435394763947,0.421417236328125
10.3,0.14243194460868835,0.359832763671875
10.4,0.11688727140426636,0.320770263671875
10.5,0.12015561014413834,0.33795166015625
10.6,0.09631781280040741,0.291046142578125
10.7,0.07521841675043106,0.237030029296875
10.8,0.06010975316166878,0.191497802734375
10.9,0.08410205692052841,0.308837890625
11.0,0.1187027096748352,0.28924560546875
11.1,0.0719505101442337,0.2412109375
11.2,0.04740440100431442,0.1827392578125
11.3,0.03588734194636345,0.103302001953125
11.4,0.11206340044736862,0.354827880859375
11.5,0.0871901586651802,0.248870849609375
11.6,0.061582449823617935,0.169158935546875
11.7,0.05678248032927513,0.141876220703125
11.8,0.11535604298114777,0.41619873046875
11.9,0.17078806459903717,0.41015625
12.0,0.13151338696479797,0.31683349609375
12.1,0.09303976595401764,0.201171875
12.2,0.09107103943824768,0.33740234375
12.3,0.12051970511674881,0.328704833984375
12.4,0.08932287991046906,0.269256591796875
12.5,0.07031907141208649,0.194061279296875
12.6,0.0628514438867569,0.15264892578125
12.7,0.0743023231625557,0.227447509765625
12.8,0.06742081791162491,0.158050537109375
12.9,0.0653562843799591,0.149749755859375
13.0,0.05888073146343231,0.15057373046875
13.1,0.1858598291873932,0.4365234375
13.2,0.1853989064693451,0.399932861328125
13.3,0.09819266200065613,0.2213134765625
13.4,0.05203958600759506,0.14093017578125
13.5,0.04058593139052391,0.125244140625
13.6,0.02833508513867855,0.085693359375
13.7,0.02630363404750824,0.087371826171875
13.8,0.027132652699947357,0.0960693359375
13.9,0.05693676695227623,0.27508544921875
14.0,0.08069292455911636,0.223388671875
14.1,0.052005231380462646,0.154632568359375
14.2,0.037837326526641846,0.090179443359375
14.3,0.03152427077293396,0.084014892578125
14.4,0.12888339161872864,0.3309326171875
14.5,0.08330005407333374,0.223968505859375
14.6,0.055128954350948334,0.1710205078125
14.7,0.03746776655316353,0.115081787109375
14.8,0.1214754581451416,0.5477294921875
14.9,0.15835179388523102,0.442352294921875
15.0,0.14142493903636932,0.39678955078125
15.1,0.11155436933040619,0.34228515625
15.2,0.11365032196044922,0.49542236328125
15.3,0.15343406796455383,0.425262451171875
15.4,0.12010758370161057,0.310699462890625
15.5,0.09359725564718246,0.20111083984375
15.6,0.09863085299730301,0.418365478515625
15.7,0.15966162085533142,0.558258056640625
15.8,0.12662477791309357,0.39202880859375
15.9,0.15721815824508667,0.510345458984375
16.0,0.1414608359336853,0.510284423828125
16.1,0.09108798950910568,0.301025390625
16.2,0.11431430280208588,0.329376220703125
16.3,0.07161311060190201,0.35638427734375
16.4,0.0802750363945961,0.284393310546875
16.5,0.10276429355144501,0.375396728515625
16.6,0.1493731290102005,0.51177978515625
16.7,0.1438579559326172,0.424652099609375
16.8,0.12830278277397156,0.383575439453125
16.9,0.17145544290542603,0.46783447265625
17.0,0.16580556333065033,0.5025634765625
17.1,0.18207108974456787,0.540435791015625
17.2,0.1986270397901535,0.590545654296875
17.3,0.17762751877307892,0.545928955078125
17.4,0.14637693762779236,0.4691162109375
17.5,0.09251438826322556,0.2593994140625
17.6,0.06899672746658325,0.2266845703125
17.7,0.05440803989768028,0.1536865234375
17.8,0.059208281338214874,0.225982666015625
17.9,0.049314484000205994,0.185455322265625
18.0,0.045912984758615494,0.146331787109375
18.1,0.0366104319691658,0.10858154296875
18.2,0.09803009778261185,0.46844482421875
18.3,0.11549759656190872,0.3211669921875
18.4,0.08030571788549423,0.209381103515625
18.5,0.06626024097204208,0.207061767578125
18.6,0.0730009600520134,0.300445556640625
18.7,0.24673396348953247,0.76409912109375
18.8,0.19304345548152924,0.576416015625
18.9,0.2161187380552292,0.709625244140625
19.0,0.2912517189979553,0.79510498046875
19.1,0.1451297104358673,0.610748291015625
19.2,0.0572584867477417,0.15045166015625
19.3,0.04502202197909355,0.1531982421875
19.4,0.04467394948005676,0.144439697265625
19.5,0.0771268978714943,0.2406005859375
19.6,0.0951998382806778,0.237030029296875
19.7,0.21969416737556458,0.62860107421875
19.8,0.19187679886817932,0.541534423828125
19.9,0.10082068294286728,0.4791259765625
20.0,0.27532759308815,0.684112548828125
20.1,0.1426049768924713,0.379302978515625
20.2,0.12709614634513855,0.565704345703125
20.3,0.05266626924276352,0.151519775390625
20.4,0.09881681948900223,0.2623291015625
20.5,0.10504763573408127,0.273895263671875
20.6,0.08656176179647446,0.21734619140625
20.7,0.07591501623392105,0.204376220703125
20.8,0.13858996331691742,0.463775634765625
20.9,0.1491795927286148,0.44317626953125
21.0,0.11483896523714066,0.27154541015625
21.1,0.08681487292051315,0.188873291015625
21.2,0.11335311084985733,0.41064453125
21.3,0.10506056994199753,0.28387451171875
21.4,0.07898338884115219,0.17706298828125
21.5,0.09358019381761551,0.2601318359375
21.6,0.1340145468711853,0.3050537109375
21.7,0.1915048360824585,0.57379150390625
21.8,0.1553904414176941,0.443450927734375
21.9,0.12425583600997925,0.329986572265625
22.0,0.12257581949234009,0.38543701171875
22.1,0.21259737014770508,0.827728271484375
22.2,0.21164628863334656,0.7635498046875
22.3,0.11802997440099716,0.2586669921875
22.4,0.13868972659111023,0.464508056640625
22.5,0.19554775953292847,0.54656982421875
22.6,0.1651967316865921,0.488128662109375
22.7,0.15370115637779236,0.565185546875
22.8,0.1797613799571991,0.63726806640625
22.9,0.11822940409183502,0.424560546875
23.0,0.06959348171949387,0.188232421875
23.1,0.0662742331624031,0.159698486328125
23.2,0.07763731479644775,0.22760009765625
23.3,0.06399446725845337,0.178924560546875
23.4,0.14540661871433258,0.520263671875
23.5,0.13855023682117462,0.409149169921875
23.6,0.12307178229093552,0.322998046875
23.7,0.10715679079294205,0.312652587890625
23.8,0.15452878177165985,0.43603515625
23.9,0.16663330793380737,0.391845703125
24.0,0.14382651448249817,0.357940673828125
24.1,0.10909672826528549,0.2757568359375
24.2,0.1332857608795166,0.476593017578125
24.3,0.19304652512073517,0.48583984375
24.4,0.12626634538173676,0.33880615234375
24.5,0.08396457880735397,0.27154541015625
24.6,0.06563737988471985,0.175628662109375
24.7,0.09569445997476578,0.34259033203125
24.8,0.08870828151702881,0.23223876953125
24.9,0.06925071030855179,0.21221923828125
25.0,0.05660587549209595,0.15435791015625
25.1,0.08691602200269699,0.266082763671875
25.2,0.07206179946660995,0.242828369140625
25.3,0.06214294955134392,0.1666259765625
25.4,0.04670746624469757,0.1539306640625
25.5,0.09874531626701355,0.423004150390625
25.6,0.177061527967453,0.461395263671875
25.7,0.1319131851196289,0.34912109375
25.8,0.10108902305364609,0.22119140625
25.9,0.08317771553993225,0.24896240234375
26.0,0.10875573009252548,0.35400390625
26.1,0.09317120909690857,0.2484130859375
26.2,0.09038873016834259,0.28692626953125
26.3,0.08829817175865173,0.18682861328125
26.4,0.0964251235127449,0.239959716796875
26.5,0.07962307333946228,0.18505859375
26.6,0.10463760048151016,0.309814453125
26.7,0.08304714411497116,0.23492431640625
26.8,0.18608492612838745,0.518341064453125
26.9,0.22299517691135406,0.4598388671875
27.0,0.12124618142843246,0.379150390625
27.1,0.06164759024977684,0.1654052734375
27.2,0.05285303294658661,0.1990966796875
27.3,0.04250698536634445,0.108062744140625
27.4,0.04011952131986618,0.1063232421875
27.5,0.03929215669631958,0.12176513671875
27.6,0.04534028097987175,0.211669921875
27.7,0.03794744983315468,0.1165771484375
27.8,0.031250834465026855,0.090850830078125
27.9,0.02514556236565113,0.079193115234375
28.0,0.06376782804727554,0.252685546875
28.1,0.0900561511516571,0.220855712890625
28.2,0.08416251093149185,0.224151611328125
28.3,0.06986997276544571,0.186126708984375
28.4,0.06651074439287186,0.186859130859375
28.5,0.1481315642595291,0.585296630859375
28.6,0.2328549027442932,0.5994873046875
28.7,0.19456812739372253,0.547119140625
28.8,0.1690438985824585,0.49200439453125
28.9,0.15104317665100098,0.493865966796875
29.0,0.15677247941493988,0.460479736328125
29.1,0.1629498451948166,0.40234375
29.2,0.14898154139518738,0.359893798828125
29.3,0.19890539348125458,0.4659423828125
29.4,0.18580693006515503,0.512359619140625
29.5,0.21890957653522491,0.558929443359375
29.6,0.138685941696167,0.35986328125
29.7,0.1848151534795761,0.402374267578125
29.8,0.11770937591791153,0.281524658203125
29.9,0.15618263185024261,0.3668212890625
30.0,0.11813134700059891,0.28729248046875
30.1,0.12696309387683868,0.307830810546875
30.2,0.14421677589416504,0.582366943359375
30.3,0.22726604342460632,0.733154296875
30.4,0.18302001059055328,0.508453369140625
30.5,0.15794587135314941,0.44989013671875
30.6,0.16591642796993256,0.534088134765625
30.7,0.1445181667804718,0.466339111328125
30.8,0.134297713637352,0.462005615234375
30.9,0.10920780897140503,0.33831787109375
31.0,0.09570575505495071,0.288848876953125
31.1,0.16861410439014435,0.563079833984375
31.2,0.1266258955001831,0.29827880859375
31.3,0.102152518928051,0.311859130859375
31.4,0.08583707362413406,0.250946044921875
31.5,0.09459526091814041,0.297607421875
31.6,0.08558997511863708,0.272857666015625
31.7,0.08614867180585861,0.244110107421875
31.8,0.09162312000989914,0.22479248046875
31.9,0.12340472638607025,0.384521484375
32.0,0.30249926447868347,0.694671630859375
32.1,0.18185192346572876,0.435577392578125
32.2,0.12685270607471466,0.3193359375
32.3,0.1305134892463684,0.35791015625
32.4,0.22579708695411682,0.752227783203125
32.5,0.20659239590168,0.59228515625
32.6,0.16347721219062805,0.4593505859375
32.7,0.12245337665081024,0.34515380859375
32.8,0.14024896919727325,0.435760498046875
32.9,0.10972800850868225,0.530731201171875
33.0,0.09006321430206299,0.296966552734375
33.1,0.1680527925491333,0.504119873046875
33.2,0.1488272100687027,0.482879638671875
33.3,0.10996578633785248,0.244598388671875
33.4,0.09270907938480377,0.213165283203125
33.5,0.0734780877828598,0.16888427734375
33.6,0.06569509208202362,0.1842041015625
33.7,0.23462246358394623,0.514373779296875
33.8,0.16099077463150024,0.376190185546875
33.9,0.10102684795856476,0.2637939453125
34.0,0.10951198637485504,0.26239013671875
34.1,0.0963241383433342,0.27508544921875
34.2,0.10770725458860397,0.33404541015625
34.3,0.0930698812007904,0.283966064453125
34.4,0.10085779428482056,0.255706787109375
34.5,0.06918835639953613,0.249053955078125
34.6,0.19157655537128448,0.4515380859375
34.7,0.2264835387468338,0.625335693359375
34.8,0.32709741592407227,0.863494873046875
34.9,0.2727690041065216,0.788299560546875
35.0,0.22347916662693024,0.6029052734375
35.1,0.20320968329906464,0.445770263671875
35.2,0.16925695538520813,0.49749755859375
35.3,0.1607455611228943,0.6024169921875
35.4,0.2814345061779022,0.767974853515625
35.5,0.25688278675079346,0.769317626953125
35.6,0.2376021146774292,0.724212646484375
35.7,0.23671051859855652,0.60711669921875
35.8,0.2734299600124359,0.732574462890625
35.9,0.21887332201004028,0.549591064453125
36.0,0.26238468289375305,0.85357666015625
36.1,0.25707927346229553,0.735595703125
36.2,0.21662752330303192,0.57391357421875
36.3,0.15926200151443481,0.47882080078125
36.4,0.15138636529445648,0.4013671875
36.5,0.1662265658378601,0.316162109375
36.6,0.08110013604164124,0.254974365234375
36.7,0.13734181225299835,0.363922119140625
36.8,0.1273745894432068,0.2930908203125
36.9,0.171603262424469,0.3465576171875
37.0,0.17893798649311066,0.429107666015625
37.1,0.2561585009098053,0.84112548828125
37.2,0.24872525036334991,0.622894287109375
37.3,0.2810293138027191,0.788177490234375
37.4,0.31169623136520386,0.94024658203125
37.5,0.273179829120636,0.77838134765625
37.6,0.1917349100112915,0.727630615234375
37.7,0.1588480919599533,0.4342041015625
37.8,0.1998610496520996,0.72021484375
37.9,0.16306400299072266,0.4454345703125
38.0,0.20216035842895508,0.622833251953125
38.1,0.13604465126991272,0.39715576171875
38.2,0.18161830306053162,0.636260986328125
38.3,0.07629523426294327,0.3216552734375
38.4,0.10712308436632156,0.375396728515625
38.5,0.0640643909573555,0.190277099609375
38.6,0.058953117579221725,0.16729736328125
38.7,0.07218676805496216,0.192779541015625
38.8,0.12411215901374817,0.433746337890625
38.9,0.1477283388376236,0.416656494140625
39.0,0.10967868566513062,0.28533935546875
39.1,0.10376051813364029,0.29718017578125
39.2,0.11338090151548386,0.476837158203125
39.3,0.1805112212896347,0.49871826171875
39.4,0.16913370788097382,0.645965576171875
39.5,0.15092438459396362,0.43072509765625
39.6,0.13803911209106445,0.41668701171875
39.7,0.1950407475233078,0.57904052734375
39.8,0.18551002442836761,0.47393798828125
39.9,0.16094224154949188,0.4051513671875
40.0,0.12930701673030853,0.385345458984375
40.1,0.1769835203886032,0.575164794921875
40.2,0.19584053754806519,0.553955078125
40.3,0.15267600119113922,0.435577392578125
40.4,0.1164204478263855,0.274505615234375
40.5,0.11867887526750565,0.381866455078125
40.6,0.15371765196323395,0.38433837890625
40.7,0.1156056672334671,0.319000244140625
40.8,0.10823988914489746,0.27203369140625
40.9,0.0996309295296669,0.288299560546875
41.0,0.13230158388614655,0.3338623046875
41.1,0.13293643295764923,0.333953857421875
41.2,0.13125109672546387,0.324951171875
41.3,0.12109319865703583,0.31878662109375
41.4,0.1688992828130722,0.460479736328125
41.5,0.15500561892986298,0.3895263671875
41.6,0.13134251534938812,0.36041259765625
41.7,0.10597983002662659,0.328765869140625
41.8,0.07899835705757141,0.26470947265625
41.9,0.05981549993157387,0.20074462890625
42.0,0.0441819429397583,0.1253662109375
42.1,0.03998727351427078,0.1146240234375
42.2,0.09329044073820114,0.44366455078125
42.3,0.1747414469718933,0.489532470703125
42.4,0.15396089851856232,0.47760009765625
42.5,0.13613948225975037,0.482666015625
42.6,0.11793199926614761,0.3514404296875
42.7,0.18051718175411224,0.566741943359375
42.8,0.16379237174987793,0.488800048828125
42.9,0.17894762754440308,0.53857421875
43.0,0.13998839259147644,0.408599853515625
43.1,0.17802485823631287,0.47845458984375
43.2,0.12973882257938385,0.405029296875
43.3,0.07248837500810623,0.23309326171875
43.4,0.07209313660860062,0.2012939453125
43.5,0.12064702063798904,0.3648681640625
43.6,0.08793618530035019,0.2803955078125
43.7,0.04819106310606003,0.152923583984375
43.8,0.05211393162608147,0.143798828125
43.9,0.10340467840433121,0.49725341796875
44.0,0.1995013803243637,0.574127197265625
44.1,0.15342977643013,0.45623779296875
44.2,0.13613975048065186,0.447906494140625
44.3,0.14208866655826569,0.418243408203125
44.4,0.17918036878108978,0.597442626953125
44.5,0.17749591171741486,0.53240966796875
44.6,0.15457335114479065,0.4588623046875
44.7,0.13125161826610565,0.41937255859375
44.8,0.1723255068063736,0.563507080078125
44.9,0.1672099083662033,0.48223876953125
45.0,0.12845252454280853,0.48834228515625
45.1,0.1140652745962143,0.348907470703125
45.2,0.10250211507081985,0.341278076171875
45.3,0.09462305903434753,0.2900390625
45.4,0.08005107194185257,0.260040283203125
45.5,0.08613266050815582,0.25421142578125
45.6,0.07698290050029755,0.46405029296875
45.7,0.1305466890335083,0.37969970703125
45.8,0.09549397230148315,0.31658935546875
45.9,0.07861925661563873,0.236297607421875
46.0,0.08138726651668549,0.2647705078125
46.1,0.16006159782409668,0.5465087890625
46.2,0.18766489624977112,0.53326416015625
46.3,0.15798212587833405,0.47064208984375
46.4,0.12727555632591248,0.56658935546875
46.5,0.13605913519859314,0.432098388671875
46.6,0.11969184875488281,0.386688232421875
46.7,0.10320746898651123,0.27313232421875
46.8,0.09340636432170868,0.25732421875
46.9,0.09761276841163635,0.328277587890625
47.0,0.11272740364074707,0.35260009765625
47.1,0.1005476638674736,0.331268310546875
47.2,0.10694556683301926,0.364654541015625
47.3,0.09008219838142395,0.290863037109375
47.4,0.1259273737668991,0.417999267578125
47.5,0.10597806423902512,0.29803466796875
47.6,0.07610262930393219,0.211761474609375
47.7,0.07138651609420776,0.2020263671875
47.8,0.06718795001506805,0.194671630859375
47.9,0.05858192965388298,0.15301513671875
48.0,0.051791053265333176,0.165618896484375
48.1,0.050003841519355774,0.1533203125
48.2,0.0802060067653656,0.290191650390625
48.3,0.0969339907169342,0.32342529296875
48.4,0.0761777013540268,0.2415771484375
48.5,0.05181268975138664,0.1771240234375
48.6,0.04688013345003128,0.1824951171875
48.7,0.2033892571926117,0.437744140625
48.8,0.11283005774021149,0.28289794921875
48.9,0.069306381046772,0.226531982421875
49.0,0.059946607798337936,0.18756103515625
49.1,0.14924490451812744,0.47503662109375
49.2,0.1608622968196869,0.487701416015625
49.3,0.14716912806034088,0.42901611328125
49.4,0.11315440386533737,0.40631103515625
49.5,0.15410587191581726,0.617950439453125
49.6,0.1663193702697754,0.460235595703125
49.7,0.12472667545080185,0.314697265625
49.8,0.0996161550283432,0.26263427734375
49.9,0.0895613431930542,0.284271240234375
50.0,0.11844521015882492,0.37774658203125
50.1,0.09861350059509277,0.289459228515625
50.2,0.09059701859951019,0.213592529296875
50.3,0.0941631942987442,0.23095703125
50.4,0.08436262607574463,0.209716796875
50.5,0.07309656590223312,0.208526611328125
50.6,0.06152878701686859,0.20849609375
50.7,0.058718133717775345,0.1572265625
50.8,0.1189475730061531,0.39990234375
50.9,0.13488802313804626,0.402374267578125
51.0,0.13402177393436432,0.3511962890625
51.1,0.12520839273929596,0.310089111328125
51.2,0.12555645406246185,0.3753662109375
51.3,0.15689252316951752,0.367706298828125
51.4,0.13615356385707855,0.361968994140625
51.5,0.12131138890981674,0.307373046875
51.6,0.11619488894939423,0.31683349609375
51.7,0.13334769010543823,0.471160888671875
51.8,0.09621410071849823,0.248260498046875
51.9,0.07039999961853027,0.183013916015625
52.0,0.0640648901462555,0.206695556640625
52.1,0.08015336096286774,0.248260498046875
52.2,0.08179424703121185,0.26080322265625
52.3,0.08284402638673782,0.250640869140625
52.4,0.07850797474384308,0.24969482421875
52.5,0.11000929772853851,0.452606201171875
52.6,0.196705624461174,0.53399658203125
52.7,0.19510775804519653,0.461822509765625
52.8,0.18975883722305298,0.419708251953125
52.9,0.16890619695186615,0.38958740234375
53.0,0.1932593435049057,0.6387939453125
53.1,0.1812388002872467,0.43621826171875
53.2,0.17367295920848846,0.535552978515625
53.3,0.15768638253211975,0.41241455078125
53.4,0.20162080228328705,0.586822509765625
53.5,0.1794484704732895,0.4732666015625
53.6,0.1622476875782013,0.45562744140625
53.7,0.1406950205564499,0.391326904296875
53.8,0.15089471638202667,0.450469970703125
53.9,0.18441025912761688,0.495635986328125
54.0,0.15153290331363678,0.45361328125
54.1,0.12022609263658524,0.3448486328125
54.2,0.12039420753717422,0.37506103515625
54.3,0.19087377190589905,0.567413330078125
54.4,0.154131218791008,0.460174560546875
54.5,0.14390622079372406,0.44390869140625
54.6,0.1282130479812622,0.4263916015625
54.7,0.122831791639328,0.357757568359375
54.8,0.10925842821598053,0.3565673828125
54.9,0.10048392415046692,0.3548583984375
55.0,0.09594421088695526,0.34295654296875
55.1,0.206234872341156,0.7109375
55.2,0.22599802911281586,0.657928466796875
55.3,0.18325045704841614,0.531951904296875
55.4,0.16169075667858124,0.56988525390625
55.5,0.1797630339860916,0.634002685546875
55.6,0.20606671273708344,0.6746826171875
55.7,0.15692800283432007,0.352203369140625
55.8,0.13721325993537903,0.372650146484375
55.9,0.1407897025346756,0.480743408203125
56.0,0.24588671326637268,0.8839111328125
56.1,0.2184908092021942,0.77716064453125
56.2,0.19667984545230865,0.5631103515625
56.3,0.13870587944984436,0.39898681640625
56.4,0.16453132033348083,0.46160888671875
56.5,0.15086890757083893,0.4813232421875
56.6,0.11877565830945969,0.34283447265625
56.7,0.11030353605747223,0.393951416015625
56.8,0.13926191627979279,0.528167724609375
56.9,0.1927579939365387,0.574493408203125
57.0,0.15990856289863586,0.477813720703125
57.1,0.13449755311012268,0.364959716796875
57.2,0.1636028289794922,0.55242919921875
57.3,0.21581391990184784,0.570159912109375
57.4,0.18220429122447968,0.665283203125
57.5,0.16160911321640015,0.41656494140625
57.6,0.14755453169345856,0.4261474609375
57.7,0.2067730873823166,0.60986328125
57.8,0.19342049956321716,0.42205810546875
57.9,0.2220117747783661,0.5426025390625
58.0,0.22864840924739838,0.4996337890625
58.1,0.2629380226135254,0.831573486328125
58.2,0.20586302876472473,0.598114013671875
58.3,0.1766471564769745,0.48065185546875
58.4,0.164067342877388,0.397796630859375
58.5,0.20876212418079376,0.65081787109375
58.6,0.25456658005714417,0.635162353515625
58.7,0.19808678328990936,0.5474853515625
58.8,0.17040909826755524,0.462249755859375
58.9,0.18581853806972504,0.491424560546875
59.0,0.20954617857933044,0.61456298828125
59.1,0.18087010085582733,0.493988037109375
59.2,0.15849807858467102,0.4254150390625
59.3,0.1582234799861908,0.41949462890625
59.4,0.2218317687511444,0.72113037109375
59.5,0.1666087508201599,0.47991943359375
59.6,0.1265597641468048,0.339630126953125
59.7,0.10213121771812439,0.2750244140625
59.8,0.14434337615966797,0.576080322265625
59.9,0.18808388710021973,0.54449462890625
60.0,0.13884858787059784,0.36846923828125
60.1,0.1336226463317871,0.424530029296875
60.2,0.12978030741214752,0.46295166015625
60.3,0.15948867797851562,0.5458984375
60.4,0.14298699796199799,0.423553466796875
60.5,0.12466250360012054,0.37066650390625
60.6,0.1330074518918991,0.427734375
60.7,0.12265313416719437,0.42962646484375
60.8,0.12737490236759186,0.363067626953125
60.9,0.11336445063352585,0.34503173828125
61.0,0.10079068690538406,0.324737548828125
61.1,0.12549248337745667,0.40289306640625
61.2,0.12851358950138092,0.390228271484375
61.3,0.11511147767305374,0.334320068359375
61.4,0.10384761542081833,0.28900146484375
61.5,0.13448849320411682,0.548370361328125
61.6,0.19160938262939453,0.5626220703125
61.7,0.1576186567544937,0.412994384765625
61.8,0.1182113066315651,0.317138671875
61.9,0.11980122327804565,0.41571044921875
62.0,0.1569214165210724,0.426116943359375
62.1,0.12171346694231033,0.359222412109375
62.2,0.12560680508613586,0.30206298828125
62.3,0.1337018758058548,0.344696044921875
62.4,0.1703561395406723,0.465484619140625
62.5,0.13260340690612793,0.39715576171875
62.6,0.10719538480043411,0.3345947265625
62.7,0.08143779635429382,0.247406005859375
62.8,0.16257882118225098,0.62408447265625
62.9,0.18988582491874695,0.510955810546875
63.0,0.16527949273586273,0.4713134765625
63.1,0.13266348838806152,0.392181396484375
63.2,0.14317326247692108,0.551483154296875
63.3,0.20327509939670563,0.570465087890625
63.4,0.20239369571208954,0.650421142578125
63.5,0.19380562007427216,0.555267333984375
63.6,0.1647787094116211,0.483184814453125
63.7,0.20518958568572998,0.569549560546875
63.8,0.22315320372581482,0.566986083984375
63.9,0.213087797164917,0.5791015625
64.0,0.17253655195236206,0.483245849609375
64.1,0.13503146171569824,0.431732177734375
64.2,0.1369429975748062,0.406707763671875
64.3,0.12720975279808044,0.379486083984375
64.4,0.11948327720165253,0.36322021484375
64.5,0.1554855853319168,0.583740234375
64.6,0.21520371735095978,0.54583740234375
64.7,0.15836557745933533,0.51361083984375
64.8,0.14783558249473572,0.421478271484375
64.9,0.16661524772644043,0.55450439453125
65.0,0.19850577414035797,0.602691650390625
65.1,0.1805371791124344,0.46038818359375
65.2,0.17575976252555847,0.491607666015625
65.3,0.17059360444545746,0.440826416015625
65.4,0.16506706178188324,0.51263427734375
65.5,0.1409323364496231,0.4312744140625
65.6,0.13168445229530334,0.340057373046875
65.7,0.1030966192483902,0.3084716796875
65.8,0.13057458400726318,0.40472412109375
65.9,0.13180065155029297,0.365325927734375
66.0,0.11071544140577316,0.356964111328125
66.1,0.11359898746013641,0.342926025390625
66.2,0.12005224078893661,0.525177001953125
66.3,0.14125844836235046,0.403533935546875
66.4,0.10952477157115936,0.37884521484375
66.5,0.09696511179208755,0.313751220703125
66.6,0.09565851837396622,0.29034423828125
66.7,0.16640646755695343,0.526123046875
66.8,0.19163981080055237,0.502838134765625
66.9,0.1743088811635971,0.4365234375
67.0,0.13164618611335754,0.4111328125
67.1,0.14723148941993713,0.431976318359375
67.2,0.1422075480222702,0.38330078125
67.3,0.11379700899124146,0.381317138671875
67.4,0.13257752358913422,0.393646240234375
67.5,0.10447152704000473,0.378692626953125
67.6,0.10947331041097641,0.418701171875
67.7,0.09349781274795532,0.305633544921875
67.8,0.09022513777017593,0.2840576171875
67.9,0.11036417633295059,0.33807373046875
68.0,0.24590715765953064,0.6318359375
68.1,0.19044817984104156,0.455291748046875
68.2,0.25211939215660095,0.788543701171875
68.3,0.30556637048721313,0.874725341796875
68.4,0.30841314792633057,0.77252197265625
68.5,0.24277974665164948,0.86346435546875
68.6,0.1485760658979416,0.48687744140625
68.7,0.1244126409292221,0.3392333984375
68.8,0.15722672641277313,0.498779296875
68.9,0.14524833858013153,0.433746337890625
69.0,0.12324216216802597,0.348724365234375
69.1,0.11704766005277634,0.357269287109375
69.2,0.14299800992012024,0.467864990234375
69.3,0.14581012725830078,0.404693603515625
69.4,0.125816211104393,0.381134033203125
69.5,0.30887722969055176,0.762115478515625
69.6,0.133522629737854,0.599945068359375
69.7,0.29868283867836,0.7784423828125
69.8,0.23947785794734955,0.75213623046875
69.9,0.23631195724010468,0.82635498046875
70.0,0.20971858501434326,0.69891357421875
70.1,0.21638460457324982,0.73504638671875
70.2,0.2072465717792511,0.610687255859375
70.3,0.17802590131759644,0.461944580078125
70.4,0.17047205567359924,0.508575439453125
70.5,0.1973877251148224,0.752044677734375
70.6,0.24247649312019348,0.791351318359375
70.7,0.20478825271129608,0.6024169921875
70.8,0.1661941409111023,0.486907958984375
70.9,0.1366979330778122,0.434295654296875
71.0,0.13345398008823395,0.390380859375
71.1,0.1228155568242073,0.380889892578125
71.2,0.12704584002494812,0.36810302734375
71.3,0.12199361622333527,0.33038330078125
71.4,0.20401881635189056,0.591033935546875
71.5,0.2233671098947525,0.56744384765625
71.6,0.21901822090148926,0.567230224609375
71.7,0.19981668889522552,0.467437744140625
71.8,0.24243012070655823,0.75244140625
71.9,0.23145616054534912,0.712432861328125
72.0,0.2240190953016281,0.70098876953125
72.1,0.2021639049053192,0.65057373046875
72.2,0.21529045701026917,0.66162109375
72.3,0.30225667357444763,0.9229736328125
72.4,0.21992170810699463,0.590972900390625
72.5,0.1849997490644455,0.5477294921875
72.6,0.14450228214263916,0.425750732421875
72.7,0.13625504076480865,0.42724609375
72.8,0.12024502456188202,0.3253173828125
72.9,0.11175122112035751,0.322906494140625
73.0,0.10033322870731354,0.374542236328125
73.1,0.2006271779537201,0.6290283203125
73.2,0.19002875685691833,0.54364013671875
73.3,0.16631640493869781,0.485443115234375
73.4,0.14001667499542236,0.414764404296875
73.5,0.1472289115190506,0.504150390625
73.6,0.1832190901041031,0.535888671875
73.7,0.13658256828784943,0.408660888671875
73.8,0.12508819997310638,0.385498046875
73.9,0.11603908985853195,0.37451171875
74.0,0.12697334587574005,0.444091796875
74.1,0.13284018635749817,0.41534423828125
74.2,0.11181868612766266,0.351348876953125
74.3,0.11505734175443649,0.315185546875
74.4,0.12337414920330048,0.35748291015625
74.5,0.11723677068948746,0.354400634765625
74.6,0.10020372271537781,0.314422607421875
74.7,0.0998372882604599,0.291015625
74.8,0.20140661299228668,0.63446044921875
74.9,0.2422729879617691,0.646881103515625
75.0,0.11745698750019073,0.40936279296875
75.1,0.0779406726360321,0.264862060546875
75.2,0.07300784438848495,0.31298828125
75.3,0.14365209639072418,0.35870361328125
75.4,0.12184488773345947,0.297637939453125
75.5,0.10499142110347748,0.26654052734375
75.6,0.09790155291557312,0.48309326171875
75.7,0.3084888160228729,0.82861328125
75.8,0.1965309977531433,0.636932373046875
75.9,0.21627052128314972,0.60211181640625
76.0,0.2238275706768036,0.5789794921875
76.1,0.1912049651145935,0.576324462890625
76.2,0.08826710283756256,0.267547607421875
76.3,0.0691417008638382,0.2174072265625
76.4,0.06436989456415176,0.174468994140625
76.5,0.16530925035476685,0.64202880859375
76.6,0.2252027690410614,0.605438232421875
76.7,0.2404281347990036,0.8150634765625
76.8,0.2320888638496399,0.6292724609375
76.9,0.2081836760044098,0.61737060546875
77.0,0.3559844493865967,0.893096923828125
77.1,0.18512296676635742,0.619384765625
77.2,0.17773248255252838,0.6646728515625
77.3,0.2153749018907547,0.6207275390625
77.4,0.21403710544109344,0.644378662109375
77.5,0.15514786541461945,0.556121826171875
77.6,0.096966952085495,0.31488037109375
77.7,0.09228508174419403,0.344482421875
77.8,0.08789825439453125,0.290771484375
77.9,0.08307170867919922,0.25244140625
78.0,0.08488110452890396,0.27056884765625
78.1,0.07916217297315598,0.261627197265625
78.2,0.09246840327978134,0.3619384765625
78.3,0.12816312909126282,0.343536376953125
78.4,0.09760875254869461,0.27001953125
78.5,0.07404071092605591,0.218170166015625
78.6,0.07630641013383865,0.33563232421875
78.7,0.1243596225976944,0.364654541015625
78.8,0.11218691617250443,0.319610595703125
78.9,0.13166044652462006,0.33087158203125
79.0,0.12595055997371674,0.411590576171875
79.1,0.12778165936470032,0.39166259765625
79.2,0.1036391407251358,0.335235595703125
79.3,0.085878886282444,0.277801513671875
79.4,0.0903230831027031,0.29022216796875
79.5,0.1033482551574707,0.29705810546875
79.6,0.11416327208280563,0.307647705078125
79.7,0.09566756337881088,0.2630615234375
79.8,0.1593787968158722,0.459259033203125
79.9,0.12317332625389099,0.32904052734375
80.0,0.10568111389875412,0.2967529296875
80.1,0.0796501487493515,0.27642822265625
80.2,0.10943804681301117,0.363555908203125
80.3,0.12447888404130936,0.376220703125
80.4,0.14570395648479462,0.419403076171875
80.5,0.1254887878894806,0.338897705078125
80.6,0.1573457419872284,0.595733642578125
80.7,0.192151740193367,0.569488525390625
80.8,0.1375095397233963,0.42315673828125
80.9,0.12206275016069412,0.348876953125
81.0,0.1911223828792572,0.659637451171875
81.1,0.14896225929260254,0.498687744140625
81.2,0.1306760460138321,0.481658935546875
81.3,0.15574747323989868,0.527099609375
81.4,0.18817077577114105,0.745758056640625
81.5,0.23789773881435394,0.816558837890625
81.6,0.2514582872390747,0.732574462890625
81.7,0.2444581836462021,0.735137939453125
81.8,0.17190010845661163,0.5093994140625
81.9,0.1915014237165451,0.69775390625
82.0,0.25074297189712524,0.788360595703125
82.1,0.17996905744075775,0.50799560546875
82.2,0.16813243925571442,0.47216796875
82.3,0.2327631264925003,0.841278076171875
82.4,0.35917091369628906,0.875823974609375
82.5,0.15843801200389862,0.479095458984375
82.6,0.13030949234962463,0.4183349609375
82.7,0.13102306425571442,0.50555419921875
82.8,0.14281031489372253,0.422088623046875
82.9,0.1345108151435852,0.39984130859375
83.0,0.1290358155965805,0.406005859375
83.1,0.12178687751293182,0.3885498046875
83.2,0.16267649829387665,0.495513916015625
83.3,0.19214174151420593,0.51153564453125
83.4,0.16764546930789948,0.46429443359375
83.5,0.2688784897327423,0.785064697265625
83.6,0.17637299001216888,0.579803466796875
83.7,0.20328235626220703,0.9061279296875
83.8,0.22933033108711243,0.589111328125
83.9,0.2190084010362625,0.763702392578125
84.0,0.2188616394996643,0.750732421875
84.1,0.19346554577350616,0.6800537109375
84.2,0.15793439745903015,0.37396240234375
84.3,0.1483718603849411,0.438568115234375
84.4,0.11247000843286514,0.322021484375
84.5,0.2018420547246933,0.518341064453125
84.6,0.17276616394519806,0.461761474609375
84.7,0.12740714848041534,0.434814453125
84.8,0.1309017837047577,0.4267578125
84.9,0.19674867391586304,0.6158447265625
85.0,0.2069532722234726,0.6500244140625
85.1,0.21884800493717194,0.6744384765625
85.2,0.2751965820789337,0.675933837890625
85.3,0.2343800961971283,0.7825927734375
85.4,0.24445414543151855,0.724365234375
85.5,0.250253289937973,0.78076171875
85.6,0.19571465253829956,0.808380126953125
85.7,0.18805694580078125,0.71124267578125
85.8,0.14652998745441437,0.4127197265625
85.9,0.16254612803459167,0.570892333984375
86.0,0.16394637525081635,0.503997802734375
86.1,0.12573222815990448,0.366943359375
86.2,0.15381327271461487,0.623046875
86.3,0.12657833099365234,0.4454345703125
86.4,0.11609650403261185,0.365966796875
86.5,0.08881121128797531,0.34527587890625
86.6,0.16098494827747345,0.718475341796875
86.7,0.24363099038600922,0.638397216796875
86.8,0.15825287997722626,0.517974853515625
86.9,0.12937603890895844,0.36297607421875
87.0,0.10305671393871307,0.278778076171875
87.1,0.20795267820358276,0.607818603515625
87.2,0.18700838088989258,0.56744384765625
87.3,0.13913191854953766,0.44012451171875
87.4,0.11562711000442505,0.3184814453125
87.5,0.13746963441371918,0.38507080078125
87.6,0.15340536832809448,0.382110595703125
87.7,0.14217227697372437,0.354583740234375
87.8,0.14039239287376404,0.353118896484375
87.9,0.1264025717973709,0.371856689453125
88.0,0.11771385371685028,0.401214599609375
88.1,0.11208537966012955,0.362548828125
88.2,0.10741079598665237,0.347381591796875
88.3,0.10700583457946777,0.390625
88.4,0.2116742581129074,0.64556884765625
88.5,0.21867133677005768,0.5906982421875
88.6,0.20212039351463318,0.46575927734375
88.7,0.179195836186409,0.413787841796875
88.8,0.18636518716812134,0.495269775390625
88.9,0.19123420119285583,0.553741455078125
89.0,0.20162130892276764,0.49761962890625
89.1,0.20099829137325287,0.571533203125
89.2,0.2085312306880951,0.492523193359375
89.3,0.22727777063846588,0.756195068359375
89.4,0.20804448425769806,0.654022216796875
89.5,0.17264536023139954,0.513275146484375
89.6,0.15215381979942322,0.4825439453125
89.7,0.1336650550365448,0.370819091796875
89.8,0.19116538763046265,0.56292724609375
89.9,0.15400832891464233,0.459564208984375
90.0,0.14394767582416534,0.4500732421875
90.1,0.1298934668302536,0.383026123046875
90.2,0.10797452926635742,0.29949951171875
90.3,0.09223625808954239,0.26702880859375
90.4,0.1405823528766632,0.478485107421875
90.5,0.1904558539390564,0.469085693359375
90.6,0.15496057271957397,0.38836669921875
90.7,0.1225239709019661,0.34100341796875
90.8,0.10153891891241074,0.29931640625
90.9,0.08827297389507294,0.248291015625
91.0,0.07691517472267151,0.229248046875
91.1,0.07078271359205246,0.195098876953125
91.2,0.0727865993976593,0.1871337890625
91.3,0.0718691349029541,0.186004638671875
91.4,0.06818875670433044,0.22650146484375
91.5,0.06561728566884995,0.211517333984375
91.6,0.045912839472293854,0.129730224609375
91.7,0.041090209037065506,0.120208740234375
91.8,0.039357732981443405,0.130828857421875
91.9,0.03838886320590973,0.111663818359375
92.0,0.03790445625782013,0.12933349609375
92.1,0.04008127376437187,0.14288330078125
92.2,0.08296699076890945,0.24517822265625
92.3,0.0729096308350563,0.247222900390625
92.4,0.05698823928833008,0.16046142578125
92.5,0.06063954904675484,0.2386474609375
92.6,0.0952422246336937,0.240509033203125
92.7,0.060806646943092346,0.173309326171875
92.8,0.045165613293647766,0.144439697265625
92.9,0.07513783127069473,0.25140380859375
93.0,0.06744968146085739,0.18145751953125
93.1,0.04630504548549652,0.14288330078125
93.2,0.04288434609770775,0.146697998046875
93.3,0.03520118072628975,0.108673095703125
93.4,0.03626234456896782,0.095367431640625
93.5,0.03482581302523613,0.10595703125
93.6,0.02736695297062397,0.082244873046875
93.7,0.09327367693185806,0.281585693359375
93.8,0.074354387819767,0.188262939453125
93.9,0.052242711186409,0.154327392578125
94.0,0.04249709099531174,0.120208740234375
94.1,0.0450061596930027,0.12249755859375
94.2,0.03710457310080528,0.111968994140625
94.3,0.03622012957930565,0.107452392578125
94.4,0.03338079899549484,0.130401611328125
94.5,0.05378647521138191,0.17236328125
94.6,0.02617848664522171,0.08685302734375
94.7,0.028398429974913597,0.09246826171875
94.8,0.025337230414152145,0.108367919921875
94.9,0.040042776614427567,0.116546630859375
95.0,0.04918050765991211,0.140228271484375
95.1,0.042268238961696625,0.114501953125
95.2,0.100182443857193,0.2745361328125
95.3,0.07185845822095871,0.220611572265625
95.4,0.049832653254270554,0.166351318359375
95.5,0.042479947209358215,0.13421630859375
95.6,0.07821369171142578,0.23272705078125
95.7,0.04675464704632759,0.1334228515625
95.8,0.03774699941277504,0.1158447265625
95.9,0.039547912776470184,0.174468994140625
96.0,0.13845713436603546,0.429962158203125
96.1,0.1363852322101593,0.3931884765625
96.2,0.0843854546546936,0.441314697265625
96.3,0.1573874056339264,0.4053955078125
96.4,0.16386708617210388,0.405670166015625
96.5,0.08928416669368744,0.28515625
96.6,0.06443875283002853,0.202728271484375
96.7,0.036301255226135254,0.1153564453125
96.8,0.03879774361848831,0.106201171875
96.9,0.03291436657309532,0.096221923828125
97.0,0.024499762803316116,0.081207275390625
97.1,0.01957099884748459,0.051910400390625
97.2,0.21836811304092407,0.5147705078125
97.3,0.20489805936813354,0.595428466796875
97.4,0.11527184396982193,0.429412841796875
97.5,0.11898661404848099,0.36517333984375
97.6,0.06680889427661896,0.245361328125
97.7,0.04062054678797722,0.14764404296875
97.8,0.029846245422959328,0.090118408203125
97.9,0.05711831524968147,0.184844970703125
98.0,0.034631453454494476,0.106597900390625
98.1,0.040601905435323715,0.090789794921875
98.2,0.046641893684864044,0.184814453125
98.3,0.08225804567337036,0.20098876953125
98.4,0.05667489394545555,0.16448974609375
98.5,0.03647034615278244,0.1072998046875
98.6,0.04557269439101219,0.166412353515625
98.7,0.04747283086180687,0.157440185546875
98.8,0.03772113099694252,0.10772705078125
98.9,0.03191890940070152,0.099945068359375
99.0,0.10666652023792267,0.3408203125
99.1,0.04338105022907257,0.12432861328125
99.2,0.0323011614382267,0.1007080078125
99.3,0.07989804446697235,0.21978759765625
99.4,0.1240205317735672,0.3319091796875
99.5,0.11057277768850327,0.293853759765625
99.6,0.07006391882896423,0.19305419921875
99.7,0.09101664274930954,0.24859619140625
99.8,0.08087252080440521,0.22021484375
99.9,0.04788060113787651,0.149688720703125
100.0,0.07025647908449173,0.316192626953125
100.1,0.1300518810749054,0.349090576171875
100.2,0.08064592629671097,0.23046875
100.3,0.054044514894485474,0.183685302734375
100.4,0.05822404474020004,0.220733642578125
100.5,0.06155356764793396,0.23284912109375
100.6,0.048328086733818054,0.174713134765625
100.7,0.062337253242731094,0.295166015625
100.8,0.12974797189235687,0.5111083984375
100.9,0.19660288095474243,0.63427734375
101.0,0.13802573084831238,0.4732666015625
101.1,0.1966213583946228,0.534332275390625
101.2,0.1541852355003357,0.54888916015625
101.3,0.05527723208069801,0.193603515625
101.4,0.05958059802651405,0.168182373046875
101.5,0.0913403108716011,0.360809326171875
101.6,0.1368335485458374,0.351043701171875
101.7,0.051550816744565964,0.14617919921875
101.8,0.10142716020345688,0.5025634765625
101.9,0.2360215038061142,0.5858154296875
102.0,0.17859439551830292,0.518707275390625
102.1,0.12602703273296356,0.476806640625
102.2,0.21743513643741608,0.460845947265625
102.3,0.07863961160182953,0.305633544921875
102.4,0.058885134756565094,0.274810791015625
102.5,0.04039246216416359,0.119964599609375
102.6,0.04177658632397652,0.13726806640625
102.7,0.07898743450641632,0.220947265625
102.8,0.06182873994112015,0.177337646484375
102.9,0.05025153234601021,0.1680908203125
103.0,0.03183107450604439,0.098236083984375
103.1,0.02868366241455078,0.090240478515625
103.2,0.02395336888730526,0.07244873046875
103.3,0.04366923123598099,0.196563720703125
103.4,0.22713689506053925,0.710540771484375
103.5,0.08328945189714432,0.34185791015625
103.6,0.24650965631008148,0.717987060546875
103.7,0.24261808395385742,0.6685791015625
103.8,0.05376817658543587,0.178497314453125
103.9,0.03826699033379555,0.137908935546875
104.0,0.027673901990056038,0.084686279296875
104.1,0.025948189198970795,0.07464599609375
104.2,0.07855591177940369,0.22900390625
104.3,0.09860836714506149,0.4176025390625
104.4,0.22399047017097473,0.56878662109375
104.5,0.15103469789028168,0.4599609375
104.6,0.12490558624267578,0.414154052734375
104.7,0.14256666600704193,0.3712158203125
104.8,0.09387870132923126,0.481536865234375
104.9,0.07171350717544556,0.362518310546875
105.0,0.08318448066711426,0.284576416015625
105.1,0.06408675014972687,0.25146484375
105.2,0.05288277938961983,0.1876220703125
105.3,0.054812442511320114,0.17657470703125
105.4,0.10161533206701279,0.32037353515625
105.5,0.0964764729142189,0.26153564453125
105.6,0.06941739469766617,0.214385986328125
105.7,0.06873510032892227,0.236572265625
105.8,0.07286717742681503,0.18292236328125
105.9,0.04609769210219383,0.155731201171875
106.0,0.03868585452437401,0.102569580078125
106.1,0.08029686659574509,0.2249755859375
106.2,0.08418416231870651,0.214691162109375
106.3,0.06308635324239731,0.161834716796875
106.4,0.044468287378549576,0.1396484375
106.5,0.10551036894321442,0.315277099609375
106.6,0.05386669561266899,0.1866455078125
106.7,0.05097208544611931,0.203826904296875
106.8,0.07893839478492737,0.19244384765625
106.9,0.0652405172586441,0.17156982421875
107.0,0.05420622229576111,0.161285400390625
107.1,0.04538340121507645,0.107574462890625
107.2,0.11394146084785461,0.326385498046875
107.3,0.08932424336671829,0.274810791015625
107.4,0.043716225773096085,0.128326416015625
107.5,0.05226263031363487,0.145477294921875
107.6,0.09818069636821747,0.318634033203125
107.7,0.07277180999517441,0.214752197265625
107.8,0.05942349135875702,0.187744140625
107.9,0.03762831538915634,0.111663818359375
108.0,0.10418419539928436,0.33935546875
108.1,0.061430059373378754,0.189422607421875
108.2,0.039632417261600494,0.1300048828125
108.3,0.04242832586169243,0.15936279296875
108.4,0.039964981377124786,0.124603271484375
108.5,0.03682602569460869,0.110931396484375
108.6,0.03497391194105148,0.092132568359375
108.7,0.04565002769231796,0.144073486328125
108.8,0.0629931390285492,0.18511962890625
108.9,0.05348926782608032,0.15997314453125
109.0,0.024907859042286873,0.064178466796875
109.1,0.020745377987623215,0.06787109375
109.2,0.017213335260748863,0.0535888671875
109.3,0.012828074395656586,0.04046630859375
109.4,0.025523977354168892,0.063323974609375
109.5,0.02873951569199562,0.133453369140625
109.6,0.0635707676410675,0.175323486328125
109.7,0.042195066809654236,0.12518310546875
109.8,0.0316731259226799,0.097991943359375
109.9,0.0888146162033081,0.299041748046875
110.0,0.07288198918104172,0.242279052734375
110.1,0.030856681987643242,0.114349365234375
110.2,0.03613293170928955,0.12213134765625
110.3,0.058216530829668045,0.16351318359375
110.4,0.04930827021598816,0.14129638671875
110.5,0.03700027987360954,0.107635498046875
110.6,0.17612604796886444,0.8531494140625
110.7,0.04992165043950081,0.171112060546875
110.8,0.0246712788939476,0.080047607421875
110.9,0.030625851824879646,0.087158203125
111.0,0.21171815693378448,0.64068603515625
111.1,0.1568591296672821,0.4893798828125
111.2,0.06329017132520676,0.2130126953125
111.3,0.07968628406524658,0.293853759765625
111.4,0.15926498174667358,0.468963623046875
111.5,0.18217213451862335,0.546478271484375
111.6,0.15677395462989807,0.49517822265625
111.7,0.12698297202587128,0.484649658203125
111.8,0.11164636164903641,0.46356201171875
111.9,0.0606868639588356,0.20184326171875
112.0,0.16555938124656677,0.61236572265625
112.1,0.20934484899044037,0.57232666015625
112.2,0.14650022983551025,0.429595947265625
112.3,0.044066932052373886,0.150299072265625
112.4,0.04671796038746834,0.129058837890625
112.5,0.12525072693824768,0.479339599609375
112.6,0.1752360314130783,0.449676513671875
112.7,0.13411176204681396,0.3536376953125
112.8,0.13568800687789917,0.37200927734375
112.9,0.08905615657567978,0.289031982421875
113.0,0.036210797727108,0.123016357421875
113.1,0.025199439376592636,0.0911865234375
113.2,0.046684470027685165,0.152740478515625
113.3,0.04783663526177406,0.13909912109375
113.4,0.03999130427837372,0.118255615234375
113.5,0.031096240505576134,0.0914306640625
113.6,0.052419811487197876,0.180267333984375
113.7,0.08831974864006042,0.2166748046875
113.8,0.057022154331207275,0.168975830078125
113.9,0.041441481560468674,0.105682373046875
114.0,0.1430194079875946,0.50897216796875
114.1,0.05426091328263283,0.293609619140625
114.2,0.032191939651966095,0.093414306640625
114.3,0.027133984491229057,0.07977294921875
114.4,0.08891960233449936,0.209381103515625
114.5,0.06239335983991623,0.136016845703125
114.6,0.050217580050230026,0.124908447265625
114.7,0.033127255737781525,0.138580322265625
114.8,0.06654799729585648,0.14923095703125
114.9,0.05448727682232857,0.153900146484375
115.0,0.039004117250442505,0.277099609375
115.1,0.050408270210027695,0.176239013671875
115.2,0.13734419643878937,0.264678955078125
115.3,0.10021710395812988,0.213134765625
115.4,0.0735844075679779,0.17352294921875
115.5,0.08920811861753464,0.326171875
115.6,0.17496652901172638,0.537384033203125
115.7,0.19132937490940094,0.623687744140625
115.8,0.18582569062709808,0.466217041015625
115.9,0.18165703117847443,0.53302001953125
116.0,0.1840326189994812,0.5609130859375
116.1,0.1814272403717041,0.593994140625
116.2,0.09237442910671234,0.324981689453125
116.3,0.19081023335456848,0.579010009765625
116.4,0.05272123962640762,0.17376708984375
116.5,0.03921164572238922,0.113372802734375
116.6,0.07147428393363953,0.327423095703125
116.7,0.13292618095874786,0.3355712890625
116.8,0.07375969737768173,0.322296142578125
116.9,0.04354419186711311,0.150482177734375
117.0,0.07448475062847137,0.264862060546875
117.1,0.09978720545768738,0.2783203125
117.2,0.08107220381498337,0.236480712890625
117.3,0.06391607224941254,0.21234130859375
117.4,0.05505760386586189,0.159942626953125
117.5,0.0532660149037838,0.173583984375
117.6,0.046515703201293945,0.126983642578125
117.7,0.03738360479474068,0.10595703125
117.8,0.1008131206035614,0.35223388671875
117.9,0.09559264779090881,0.232940673828125
118.0,0.07717728614807129,0.226104736328125
118.1,0.05312984436750412,0.159515380859375
118.2,0.043700408190488815,0.12750244140625
118.3,0.04152161628007889,0.117340087890625
118.4,0.04408510401844978,0.13702392578125
118.5,0.033218227326869965,0.1514892578125
118.6,0.06611359119415283,0.188232421875
118.7,0.08938752114772797,0.336395263671875
118.8,0.09287192672491074,0.274322509765625
118.9,0.11491888761520386,0.2861328125
119.0,0.11153324693441391,0.33746337890625
119.1,0.15891611576080322,0.4471435546875
119.2,0.07899822294712067,0.268402099609375
119.3,0.09529020637273788,0.352874755859375
119.4,0.09184124320745468,0.279754638671875
119.5,0.05102282389998436,0.135894775390625
119.6,0.042514581233263016,0.10784912109375
119.7,0.03517113998532295,0.103515625
119.8,0.03175778687000275,0.091552734375
119.9,0.025475580245256424,0.08526611328125
120.0,0.024230146780610085,0.068359375
120.1,0.07058921456336975,0.166534423828125
120.2,0.04729947820305824,0.126556396484375
120.3,0.030623577535152435,0.08636474609375
120.4,0.039565812796354294,0.13934326171875
120.5,0.07564689964056015,0.222320556640625
120.6,0.06508667767047882,0.18603515625
120.7,0.05208311229944229,0.14080810546875
120.8,0.0430602990090847,0.113800048828125
120.9,0.04261047765612602,0.121063232421875
121.0,0.040563181042671204,0.12884521484375
121.1,0.03147469833493233,0.092071533203125
121.2,0.034672848880290985,0.10430908203125
121.3,0.03283858299255371,0.112945556640625
121.4,0.029789593070745468,0.083343505859375
121.5,0.025806041434407234,0.063751220703125
121.6,0.061457302421331406,0.164642333984375
121.7,0.06408317387104034,0.173675537109375
121.8,0.03535917028784752,0.104949951171875
121.9,0.02293764427304268,0.066314697265625
122.0,0.051291096955537796,0.139007568359375
122.1,0.023920312523841858,0.07757568359375
122.2,0.017392007634043694,0.051116943359375
122.3,0.047472916543483734,0.20489501953125
122.4,0.0599106140434742,0.188995361328125
122.5,0.03381618112325668,0.109405517578125
122.6,0.03314235806465149,0.106170654296875
122.7,0.04598405584692955,0.17510986328125
122.8,0.04590538144111633,0.173919677734375
122.9,0.038941171020269394,0.110504150390625
123.0,0.027871210128068924,0.079864501953125
123.1,0.09129136800765991,0.26434326171875
123.2,0.08117000758647919,0.2091064453125
123.3,0.10149073600769043,0.301483154296875
123.4,0.12211113423109055,0.322509765625
123.5,0.14745840430259705,0.42755126953125
123.6,0.16290563344955444,0.534271240234375
123.7,0.0800805315375328,0.204559326171875
123.8,0.09832628071308136,0.31597900390625
123.9,0.15077565610408783,0.389434814453125
124.0,0.10723480582237244,0.3216552734375
124.1,0.080965556204319,0.278411865234375
124.2,0.12049054354429245,0.3466796875
124.3,0.11988607794046402,0.364227294921875
124.4,0.07443422824144363,0.220428466796875
124.5,0.03950804844498634,0.11114501953125
124.6,0.05614965036511421,0.183746337890625
124.7,0.04465396702289581,0.133697509765625
124.8,0.025923779234290123,0.08917236328125
124.9,0.03693852946162224,0.184356689453125
125.0,0.06079274043440819,0.16888427734375
125.1,0.08514805138111115,0.26629638671875
125.2,0.06593549996614456,0.275543212890625
125.3,0.08559621870517731,0.3038330078125
125.4,0.0710415318608284,0.2216796875
125.5,0.04341050609946251,0.15386962890625
125.6,0.04091070219874382,0.127716064453125
125.7,0.14143626391887665,0.34002685546875
125.8,0.09324619174003601,0.28680419921875
125.9,0.047698453068733215,0.129058837890625
126.0,0.038784611970186234,0.09710693359375
126.1,0.09454488754272461,0.296905517578125
126.2,0.06266481429338455,0.246337890625
126.3,0.046965342015028,0.13580322265625
126.4,0.0313013456761837,0.10260009765625
126.5,0.041885875165462494,0.113433837890625
126.6,0.034164197742938995,0.110015869140625
126.7,0.028490152209997177,0.074798583984375
126.8,0.021804358810186386,0.08026123046875
126.9,0.0878671333193779,0.2017822265625
127.0,0.050222184509038925,0.11029052734375
127.1,0.09585539251565933,0.33636474609375
127.2,0.08318522572517395,0.3201904296875
127.3,0.03558725863695145,0.123748779296875
127.4,0.06107614189386368,0.17901611328125
127.5,0.09322076290845871,0.196014404296875
127.6,0.08995014429092407,0.354736328125
127.7,0.05490724369883537,0.16790771484375
127.8,0.058190129697322845,0.145477294921875
127.9,0.022635696455836296,0.076019287109375
128.0,0.05380072072148323,0.1715087890625
128.1,0.03610009327530861,0.128692626953125
128.2,0.032658033072948456,0.09893798828125
128.3,0.07843577116727829,0.37158203125
128.4,0.14561185240745544,0.440399169921875
128.5,0.07581943273544312,0.21435546875
128.6,0.04744836315512657,0.152099609375
128.7,0.08439545333385468,0.463592529296875
128.8,0.0863984152674675,0.2176513671875
128.9,0.06873480975627899,0.1629638671875
129.0,0.040836840867996216,0.139190673828125
129.1,0.04289605841040611,0.203826904296875
129.2,0.06051408499479294,0.1834716796875
129.3,0.03909190744161606,0.12158203125
129.4,0.041170019656419754,0.135772705078125
129.5,0.058125682175159454,0.2330322265625
129.6,0.10545764863491058,0.25433349609375
129.7,0.0903373658657074,0.228759765625
129.8,0.054758042097091675,0.168853759765625
129.9,0.08257127553224564,0.21319580078125
130.0,0.07770781219005585,0.17828369140625
130.1,0.04790142923593521,0.120147705078125
130.2,0.06744227558374405,0.198028564453125
130.3,0.09349914640188217,0.246307373046875
130.4,0.05446763336658478,0.15325927734375
130.5,0.0493941530585289,0.153533935546875
130.6,0.07427431643009186,0.24713134765625
130.7,0.07973487675189972,0.243896484375
130.8,0.038910362869501114,0.1119384765625
130.9,0.0327613390982151,0.09893798828125
131.0,0.034247707575559616,0.121337890625
131.1,0.031698599457740784,0.091796875
131.2,0.025185126811265945,0.07073974609375
131.3,0.0550752729177475,0.311065673828125
131.4,0.13380680978298187,0.403076171875
131.5,0.06963646411895752,0.25482177734375
131.6,0.03528377786278725,0.12152099609375
131.7,0.07597339153289795,0.21783447265625
131.8,0.07442160695791245,0.19305419921875
131.9,0.04975913465023041,0.115570068359375
132.0,0.032622650265693665,0.07806396484375
132.1,0.05705525726079941,0.220062255859375
132.2,0.06413733214139938,0.18951416015625
132.3,0.04420464485883713,0.126220703125
132.4,0.03388848155736923,0.10498046875
132.5,0.023701172322034836,0.0699462890625
132.6,0.022290872409939766,0.060546875
132.7,0.020635392516851425,0.0572509765625
132.8,0.016056738793849945,0.044189453125
132.9,0.03137446194887161,0.12548828125
133.0,0.04340669885277748,0.1307373046875
133.1,0.03189742937684059,0.106170654296875
133.2,0.024551302194595337,0.07281494140625
133.3,0.02520834468305111,0.06768798828125
133.4,0.03253132849931717,0.1016845703125
133.5,0.03042032942175865,0.078521728515625
133.6,0.02641880325973034,0.117218017578125
133.7,0.0637439489364624,0.193756103515625
133.8,0.037866391241550446,0.1204833984375
133.9,0.0198652483522892,0.068634033203125
134.0,0.12640367448329926,0.41607666015625
134.1,0.08055923879146576,0.26751708984375
134.2,0.03611619397997856,0.122650146484375
134.3,0.04858629032969475,0.13897705078125
134.4,0.04162851721048355,0.117889404296875
134.5,0.04116568714380264,0.1285400390625
134.6,0.03307826817035675,0.104949951171875
134.7,0.024773459881544113,0.11151123046875
134.8,0.061517953872680664,0.183197021484375
134.9,0.02853240817785263,0.089752197265625
135.0,0.026765279471874237,0.079254150390625
135.1,0.027496851980686188,0.134368896484375
135.2,0.05312622711062431,0.150634765625
135.3,0.036306578665971756,0.111083984375
135.4,0.023820800706744194,0.06756591796875
135.5,0.099551260471344,0.40435791015625
135.6,0.1211828887462616,0.3995361328125
135.7,0.0829530879855156,0.21429443359375
135.8,0.05936913564801216,0.166717529296875
135.9,0.08731435239315033,0.29254150390625
136.0,0.05557427927851677,0.182464599609375
136.1,0.03039470501244068,0.10064697265625
136.2,0.021604981273412704,0.09466552734375
136.3,0.10040614008903503,0.24212646484375
136.4,0.07379040867090225,0.202789306640625
136.5,0.051128264516592026,0.148773193359375
136.6,0.061285264790058136,0.248260498046875
136.7,0.06944068521261215,0.2108154296875
136.8,0.05700337514281273,0.15277099609375
136.9,0.04999421536922455,0.12921142578125
137.0,0.056910984218120575,0.147857666015625
137.1,0.0450071282684803,0.153839111328125
137.2,0.026602378115057945,0.0692138671875
137.3,0.0201091468334198,0.081329345703125
137.4,0.041023287922143936,0.143707275390625
137.5,0.03921307623386383,0.10955810546875
137.6,0.031156150624155998,0.09991455078125
137.7,0.029983559623360634,0.10394287109375
137.8,0.0860913023352623,0.177154541015625
137.9,0.060966845601797104,0.1358642578125
138.0,0.038132406771183014,0.093475341796875
138.1,0.04571828991174698,0.101226806640625
138.2,0.035017237067222595,0.0919189453125
138.3,0.029210444539785385,0.06494140625
138.4,0.027266142889857292,0.116729736328125
138.5,0.08289653062820435,0.239837646484375
138.6,0.06812066584825516,0.1903076171875
138.7,0.04635801166296005,0.1240234375
138.8,0.029549570754170418,0.076080322265625
138.9,0.06659557670354843,0.186767578125
139.0,0.07260604202747345,0.195831298828125
139.1,0.054931335151195526,0.139404296875
139.2,0.043421875685453415,0.106658935546875
139.3,0.03936325013637543,0.109588623046875
139.4,0.0352935791015625,0.0882568359375
139.5,0.02996726706624031,0.075714111328125
139.6,0.02413249760866165,0.055145263671875
139.7,0.0667540580034256,0.230194091796875
139.8,0.0580606684088707,0.19610595703125
139.9,0.035235341638326645,0.112091064453125
140.0,0.037470534443855286,0.102203369140625
140.1,0.03484158590435982,0.09222412109375
140.2,0.037054408341646194,0.1048583984375
140.3,0.031887833029031754,0.09649658203125
140.4,0.02739160694181919,0.117645263671875
140.5,0.058594100177288055,0.18389892578125
140.6,0.030380213633179665,0.0909423828125
140.7,0.029672592878341675,0.09320068359375
140.8,0.030207471922039986,0.158294677734375
140.9,0.054416682571172714,0.13885498046875
141.0,0.03837285563349724,0.109283447265625
141.1,0.02637885883450508,0.09649658203125
141.2,0.09772071987390518,0.405303955078125
141.3,0.11792335659265518,0.37164306640625
141.4,0.07826722413301468,0.19073486328125
141.5,0.052637189626693726,0.1514892578125
141.6,0.07206269353628159,0.232421875
141.7,0.04483809694647789,0.148040771484375
141.8,0.02424776367843151,0.074249267578125
141.9,0.01707097701728344,0.08111572265625
142.0,0.06587159633636475,0.1395263671875
142.1,0.042057204991579056,0.09344482421875
142.2,0.02932392619550228,0.077972412109375
142.3,0.03428354859352112,0.13397216796875
142.4,0.035041142255067825,0.11883544921875
142.5,0.021050196141004562,0.0638427734375
142.6,0.016301807016134262,0.04193115234375
142.7,0.012923878617584705,0.04095458984375
142.8,0.011065677739679813,0.035614013671875
142.9,0.00879501923918724,0.022216796875
143.0,0.00045196161954663694,0.002410888671875
143.1,0.0,0.0
